symbol,address
LTO,0xd01409314acb3b245cea9500ece3f6fd4d70ea30
BNB,0xb8c77482e45f1f44de1745f52c74426c631bdd52
RSR,0x320623b8e4ff03373931769a31fc52a4e78b5d70
HIGH,0x71ab77b7dbb4fa7e017bc15090b2163221420282
wALV,0x256d1fce1b1221e8398f65f9b36033ce50b2d497
NEAR,0x85f17cf997934a597031b2e18a9ab6ebd4b9f6a4
PRIME,0xb23d80f5fefcddaa212212f028021b41ded428cf
UwU,0x55c08ca52497e2f1534b59e2917bf524d4765257
CNC,0x9ae380f0272e2162340a5bb646c354271c0f5cfc
DINGER,0x9e5bd9d9fad182ff0a93ba8085b664bcab00fa68
NOIA,0xa8c8cfb141a3bb59fea1e2ea6b79b5ecbcd7b6ca
CPOOL,0x66761fa41377003622aee3c7675fc7b5c1c2fac5
BTBS,0x32e6c34cd57087abbd59b5a4aecc4cb495924356
PUNDIX,0x0fd10b9899882a6f2fcb5c371e17e70fdee00c38
PRO,0x226bb599a12c826476e3a771454697ea52e9e220
HUNT,0x9aab071b4129b083b01cb5a0cb513ce7eca26fa5
AGLD,0x32353a6c91143bfd6c7d363b546e62a9a2489a20
ACH,0xed04915c23f00a313a544955524eb7dbd823143d
YGG,0x25f8087ead173b73d6e8b84329989a8eea16cf73
GFI,0xdab396ccf3d84cf2d07c4454e10c8a6f5b008d2b
WHALE,0x9355372396e3f6daf13359b7b607a3374cc638e0
STOS,0x08c32b0726c5684024ea6e141c50ade9690bbdcc
ASH,0x64d91f12ece7362f91a6f8e7940cd55f05060b92
CLS,0x675bbc7514013e2073db7a919f6e4cbef576de37
TKX,0x667102bd3413bfeaa3dffb48fa8288819e480a88
PUNK,0x269616d549d7e8eaa82dfb17028d0b212d11232a
WILD,0x2a3bff78b79a009976eea096a51a948a3dc00e34
HORD,0x43a96962254855f16b925556f9e97be436a43448
STRK_1,0x74232704659ef37c08995e386a2e26cc27a8d7b1
XAI,0x35e78b3982e87ecfd5b3f3265b601c046cdbe232
CLV,0x80c62fe4487e1351b47ba49809ebd60ed085bf52
AVG,0xa41f142b6eb2b164f8164cae0716892ce02f311f
OKB,0x75231f58b43240c9718dd58b4967c5114342a86c
NTX,0xf0d33beda4d734c72684b5f9abbebf715d0a7935
FLX,0x3ea8ea4237344c9931214796d9417af1a1180770
BEND,0x0d02755a5700414b26ff040e1de35d337df56218
SIPHER,0x9f52c8ecbee10e00d9faaac5ee9ba0ff6550f511
eMAID,0x329c6e459ffa7475718838145e5e85802db2a303
GUILD,0x83e9f223e1edb3486f876ee888d76bfba26c475a
XAUt,0x68749665ff8d2d112fa859aa293f07a622782f38
HDRN,0x3819f64f282bf135d62168c1e513280daf905e06
SSV,0x9d65ff81a3c488d585bbfb0bfe3c7707c7917f54
SIDUS,0x549020a9cb845220d66d3e9c6d9f9ef61c981102
WBNB,0x418d75f65a02b3d53b2418fb8e1fe493759c7605
GRO,0x3ec8798b81485a254928b70cda1cf0a2bb0b74d7
ONDO,0xfaba6f8e4a5e8ab82f62fe7c39859fa577269be3
SD,0x30d20208d987713f46dfd34ef128bb16c404d10f
BICO,0xf17e65822b568b3903685a7c9f496cf7656cc6c2
CWEB,0x505b5eda5e25a67e1c24a2bf1a527ed9eb88bf04
CHEX,0x9ce84f6a69986a83d92c324df10bc8e64771030f
MET,0x2ebd53d035150f328bd754d6dc66b99b0edb89aa
RVST,0x120a3879da835a5af037bb2d1456bebd6b54d4ba
OPUL,0x80d55c03180349fff4a229102f62328220a96444
IDEX,0xb705268213d593b8fd88d3fdeff93aff5cbdcfae
SWFTC,0x0bb217e40f8a5cb79adf04e1aab60e5abd0dfc1e
AXL,0x467719ad09025fcc6cf6f8311755809d45a5e5f3
EUL,0xd9fcd98c322942075a5c3860693e9f4f03aae07b
FORT,0x41545f8b9472d758bb669ed8eaeeecd7a9c4ec29
XCN,0xa2cd3d43c775978a96bdbf12d733d5a1ed94fb18
ALI,0x6b0b3a982b4634ac68dd83a4dbf02311ce324181
BOBA,0x42bbfa2e77757c645eeaad1655e0911a7553efbc
ABT,0xb98d4c97425d9908e66e53a6fdf673acca0be986
A8,0x3e5a19c91266ad8ce2477b91585d1856b84062df
XEN,0x06450dee7fd2fb8e39061434babcfc05599a6fb8
PYUSD,0x6c3ea9036406852006290770bedfcaba0e23a0e8
NUM,0x3496b523e5c00a4b4150d6721320cddb234c3079
PAD,0xea7cc765ebc94c4805e3bff28d7e4ae48d06468a
ACX,0x44108f0223a3c3028f5fe7aec7f9bb2e66bef82f
STRK,0xca14007eff0db1f8135f4c25b34de49ab0d42766
LIT,0xfd0205066521550d7d7ab19da8f72bb004b4c341
BADGER,0x3472a5a71965499acd81997a54bba8d852c6e53d
GRT,0xc944e90c64b2c07662a292be6244bdf05cda44a7
LDO,0x5a98fcbea516cf06857215779fd812ca3bef1b32
StETH,0xae7ab96520de3a18e5e111b5eaab095312d7fe84
AJNA,0x9a96ec9b57fb64fbc60b423d1f4da7691bd35079
aEthWETH,0x4d5f47fa6a74757f35c14fd3a6ef8e3c9bc514e8
STAKE,0x0ae055097c6d159879521c384f1d2123d1f195e6
TRB,0x88df592f8eb5d7bd38bfef7deb0fbc02cf3778a0
YFI,0x0bc529c00c6401aef6d220be8c6ea1667f6ad93e
wNXM,0x0d438f3b5175bebc262bf23753c1e53d03432bde
BAT,0x0d8775f648430679a709e98d2b0cb6250d2887ef
ABYSS,0x0e8d6b471e332f140e7d9dbb99e5e3822f728da6
UMA,0x04fa0d235c4abf4bcf4787af4cf447de572ef828
MATH,0x08d967bb0134f2d07f7cfb6e246680c53927dd30
WTAO,0x77e06c9eccf2e797fd462a92b6d7642ef85b0a44
0x0,0x5a3e6a77ba2f983ec0d371ea3b475f8bc0811ad5
VERSE,0x249ca82617ec3dfb2589c4c17ab7ec9765350a18
Bonk,0x1151cb3d861920e07a38e03eead12c32178567f6
BLZ,0x5732046a883704404f284ce41ffadd5b007fd668
LPT,0x58b6a8a3302369daec383334672404ee733ab239
POWR,0x595832f8fc6bf59c85c527fec3740a1b7a361269
BNT,0x1f573d6fb3f13d689ff844b4ce37794d79a7ff1c
REPv2,0x221657776846890989a759ba2973e427dff5c9bb
WBTC,0x2260fac5e5542a773aa44fbcfedf7c193bc2c599
AST,0x27054b13b1b798b345b591a4d22e6562d47ea75a
CREAM,0x2ba592f78db6436527729929aaf6c908497cb200
MANA,0x0f5d2fb29fb7d3cfee444a200298f468908cc942
QNT,0x4a220e6096b25eadb88358cb44068a3248254675
NMR,0x1776e1f26f98b1a5df9cd347953a26dd3cb46671
EWTB,0x178c820f862b14f316509ec36b13123da19a6054
OWL,0x1a5f9352af8af974bfc03399e3767df6370d82e4
VEE,0x340d2bde5eb28c1eed91b2f790723e3b160613b7
REN,0x408e41876cccdc0f92210600ef50372656052a38
FUN,0x419d0d8bdd9af5e606ae2232ed285aff190e711b
CVC,0x41e5560054824ea6b0732e656e3ad64e20e94e45
BUSD,0x4fabb145d64652a948d72533023f6e7a623c7c53
LINK,0x514910771af9ca656af840dff83e8264ecf986ca
cDAI,0x5d3a536e4d6dbd6114cc1ead35777bab948e3643
PIE,0x607c794cda77efb21f8848b7910ecf27451ae842
RLC,0x607f4c5bb672230e8672085532f7e901544a7375
GNO,0x6810e776880c02933d47db1b9fc05908e5386b96
GEEQ,0x6b9f031d718dded0d681c20cb754f97b3bb81b78
HOT,0x6c6ee5e31d828de241282b9606c8e98ea48526e2
SNT,0x744d70fdbe2ba4cf95131626614a1763df805b9e
buidl_1,0x7b123f53421b1bf8533339bfbdc7c98aa94163db
SAN,0x7c5a0ce9267ed19b22f8cae653f198e3e8daf098
XRT,0x7de91b204c1c737bcee6f000aaa6569cf7061cb7
LEND,0x80fb784b7ed66730e8b1dbd9820afd29931aab03
MDT_1,0x814e0908b12a99fecf5bc101bb5d0b8b5cdf7d26
OGN,0x8207c1ffc5b6804f6024322ccf34f29c3541ae26
UBT,0x8400d94a5cb0fa0d041a3788e395285d61c9ee5e
DIA,0x84ca8bc7997272c7cfb4d0cd3d55cd942b3c9419
PNT,0x89ab32156e46f46d02ade3fecbe5fc4243b9aaed
AKRO,0x8ab7404063ec4dbcfd4598215992dc3f8ec853d7
SXP,0x8ce9137d39326ad0cd6491fb5cc0cba0e089b6a9
USDP,0x8e870d67f660d95d5be530380d0ec0bd388289e1
REQ,0x8f8221afbb33998d8584a2b05749ba73c37a938a
ORN,0x0258f474786ddfd37abce6df6bbb1dd5dfc4434a
PNK,0x93ed3fbe21207ec2e8f2d3c3de6e058cb73bc04d
ANTv1,0x960b236a07cf122663c4303350609a66a7b288c0
OCEAN,0x967da4048cd07ab37855c090aaf366e4ce1b9f48
STRONG,0x990f341946a3fdb507ae7e52d17851b87168017c
POLY,0x9992ec3cf6a55b00978cddf2b27bc6882d88d1ec
DZAR,0x9cb2f26a23b8d89973f08c957c4d7cdf75cd341c
MKR,0x9f8f72aa9304c8b593d555f12ef6589cc3a579a2
USDC,0xa0b86991c6218b36c1d19d4a2e9eb0ce3606eb48
YFII,0xa1d0e215a23d7030842fc67ce582a6afa3ccab83
MTA,0xa3bed4e1c75d00fa6f4e5e6922db7261b5e9acd2
CEL,0xaaaebe6fe48e54f431b0c390cfaf0b017d09d42d
PERL,0xeca82185adce47f39c684352b0439f030f860318
REL,0xb6c4267c4877bb0d6b1685cfd85b0fbe82f105ec
BAL,0xba100000625a3754423978a60c9317c58a424e3d
BAND,0xba11d00c5f74255f56a5e366f4f77f5a186d7f55
LRC,0xbbbbca6a901c926f240b89eacb641d8aec7aeafd
eMTRG,0xbd2949f67dcdc549c6ebe98696449fa79d988a9f
ELF,0xbf2179859fc6d5bee9bf9158632dc51678a4100e
COMP,0xc00e94cb662c3520282e6f5717214004a7f26888
SNX,0xc011a73ee8576fb46f5e1c5751ca3b9fe0af2a6f
ALEPH,0x27702a26126e0b3702af63ee09ac4d1a084ef628
WETH,0xc02aaa39b223fe8d0a0e5c4f27ead9083c756cc2
SWAP,0xcc4304a31d09258b0029ea7fe63d032f52e44efe
OMG,0xd26114cd6ee289accf82350c8d8487fedb8a0c07
AMPL,0xd46ba6d942050d489dbd938a2c909a5d5039a161
CND,0xd4c435f5b09f855c3317c8524cb1f586e42795fa
PLU,0xd8912c10681d8b21fd3742244f44658dba12264e
USDT,0xdac17f958d2ee523a2206206994597c13d831ec7
EURS,0xdb25f211ab05b1c97d595516f45794528a807ad8
KNCL,0xdd974d5c2e2928dea5f71b9825b8b646686bd200
MFT,0xdf2c7238198ad8b389666574f2d8bc411a4b7428
PLR,0xe3818504c1b32bf1557b16c238b2e01fd3149c17
ZRX,0xe41d2489571d322189246dafa5ebde1f4699f498
2KEY,0xe48972fcd82a274411c01834e2f031d4377fa2c0
renBTC,0xeb4c2781e4eba804ce9a9803c67d0893436bb27d
MLN,0xec67005c4e498ec7f55e092bd1d35cbc47c91892
ENJ,0xf629cbd94d3791c9250152bd8dfbdf380e2a3b9c
IND,0xf8e386eda857484f5a12e4b5daa9984e06e73705
ETH,0xeeeeeeeeeeeeeeeeeeeeeeeeeeeeeeeeeeeeeeee
CHAI,0x06af07097c9eeb7fd685c692751d5c66db49c215
cUSDC,0x39aa39c021dfbae8fac545936693ac917d5e7563
HT,0x6f259637dcd74c767781e37bc6133cd6a68aa161
MATIC,0x7d1afa7b718fb893db30a3abc0cfc608aacfebb0
DAI,0x6b175474e89094c44da98b954eedeac495271d0f
SAI,0x89d24a6b4ccb1b6faa2625fe562bdd9a23260359
sUSD,0x57ab1ec28d129707052df4df418d58a2d46d5f51
TUSD,0x0000000000085d4780b73119b644ae5ecd22b376
GUSD,0x056fd409e1d7a124bd7017459dfea2f387b6d5cd
XPR,0xd7efb00d12c2c13131fd319336fdf952525da2af
KEEP,0x85eee30c52b0b379b046fb0f85f4f3dc3009afec
DONUT,0xc0f9bd5fa5698b6505f643900ffa515ea5df54a9
PAXG,0x45804880de22913dafe09f4980848ece6ecbaf78
STORJ,0xb64ef51c888972c908cfacf59b47c1afbc0ab8ac
SALT,0x4156d3342d5c385a87d264f90653733592000581
RARI,0xfca59cd816ab1ead66534d82bc21e7515ce441cf
pBTC,0x5228a22e72ccc52d415ecfd199f99d0665e7733b
SRM,0x476c5e26a75bd202a9683ffd34359c0cc15be0ff
YAM,0x0aacfbec6a24756c20d41914f2caba817c0d8521
ADX,0xade00c28244d5ce17d72e40330b1c318cd12b7c3
CRV,0xd533a949740bb3306d119cc777fa900ba034cd52
RING,0x9469d013805bffb7d3debe5e7839237e535ec483
CTSI,0x491604c0fdf08347dd1fa4ee062a822a5dd06b5d
LAYER,0x0ff6ffcfda92c53f615a4a75d982f399c989366b
TRAC,0xaa7a9ca87d3694b5755f213b5d04094b8d0f0a6f
USDN,0x674c6ad92fd080e4004b2312b45f796a192d27a0
PRQ,0x362bc847a3a9637d3af6624eec853618a43ed7d2
HAKKA,0x0e29e5abbb5fd88e28b2d355774e73bd47de3bcd
CVP,0x38e4adb44ef08f22f5b5b76a8f0c2d0dcbe7dca1
SUSHI,0x6b3595068778dd592e39a122f4f5a5cf09c90fe2
DSLA,0x3affcca64c2a6f4e3b6bd9c64cd2c969efd1ecbe
FSW,0xfffffffff15abf397da76f1dcc1a1604f45126db
MXX,0x8a6f3bf52a26a21531514e23016eeae8ba7e7018
yUSD,0x5dbcf33d8c2e976c6b560249878e6f1491bca25c
DPI,0x1494ca1f11d487c2bbe4543e90080aeba4ba3c2b
GHST,0x3f382dbd960e3a9bbceae22651e88158d2791550
UNI,0x1f9840a85d5af5bf1d1762f925bdaddc4201f984
PICKLE,0x429881672b9ae42b8eba0e26cd9c73711b891ca5
FRONT,0xf8c3527cc04340b208c854e985240c02f7b7793f
FARM,0xa0246c9032bc3a600820415ae600c6388619a14d
GOF,0x488e0369f9bc5c40c002ea7c1fe4fd01a198801c
OUSD,0x2a8e1e676ec238d8a992307b495b45b3feaa5e86
AAVE,0x7fc66500c84a76ad7e9c93437bfc5ac33e2ddae9
DODO,0x43dfc4159d86f3a37a5a4b3d4580b888ad7d4ddd
CORE,0x62359ed7505efc61ff1d56fef82158ccaffa23d7
PERP,0xbc396689893d065f41bc2c6ecbee5e0085233447
mUSD,0xe2f2a5c287993345a840db3b0845fbc70f5935a5
ZEE,0x2edf094db69d6dcd487f1b3db9febe2eec0dd4c5
HEGIC,0x584bc13c7d411c00c01a62e8019472de68768430
AMP,0xff20817765cb7f73d4bde2e66e067e58d11095c2
BOND,0x0391d2021f89dc339f60fff84546ea23e337750f
ANT,0xa117000000f279d81a1d3cc75430faa017fa5a2e
FUSE,0x970b9bb2c0444f5e81e9d0efb84c8ccdcdcaf84d
KP3R,0x1ceb5cb57c4d4e2b2433641b95dd330a33185a44
VOICE,0x2e2364966267b5d7d2ce6cd9a9b5bd19d9c7c6a9
HEZ,0xeef9f339514298c6a857efcfc1a762af84438dee
AUDIO,0x18aaa7115705e8be94bffebde57af9bfc265b998
INDEX,0x0954906da0bf32d5479e25f46056d22f08464cab
APY,0x95a4492f028aa1fd432ea71146b433e7b4446611
AXS,0xbb0e17ef65f82ab018d8edd776e8dd940327b28b
Yf-DAI,0xf4cd3d3fda8d7fd6c5a500203e38640a70bf9577
POLS,0x83e6f1e41cdd28eaceb20cb649155049fac3d5aa
RFuel,0xaf9f549774ecedbd0966c52f250acc548d3f36e5
UFT,0x0202be363b8a4820f3f4de7faf5224ff05943ab1
LGCY,0xae697f994fc5ebc000f8e22ebffee04612f98a0d
PLOT,0x72f020f8f3e8fd9382705723cd26380f8d0c66bb
SFI,0xb753428af26e81097e7fd17f40c88aaa3e04902c
MPH,0x8888801af4d980682e47f1a9036e589479e835c5
eXRD,0x6468e79a80c0eab0f9a2b574c8d5bc374af59414
BOOST,0x3e780920601d61cedb860fe9c4a90c9ea6a35e78
DF,0x431ad2ff6a9c365805ebad47ee021148d6f7dbe0
NU,0x4fe83213d56308330ec302a8bd641f1d0113a4cc
QRX,0x6e0dade58d2d89ebbe7afc384e3e4f15b70b14d8
VAL,0xe88f8313e61a97cec1871ee37fbbe2a8bf3ed1e4
API3,0x0b38210ea11411557c13457d4da7dc6ea731b88a
PIPT,0x26607ac599266b21d13c7acf7942c7701a8b699c
BASE,0x07150e919b4de5fd6a63de1f9384828396f25fdc
BONDLY,0x91dfbee3965baaee32784c2d546b7a0c62f268c9
NEXO,0xb62132e35a6c13ee1ee0f84dc5d40bad8d815206
UTK,0xdc9ac3c20d1ed0b540df9b1fedc10039df13f99c
POND,0x57b946008913b82e4df85f501cbaed910e58d26c
OMv2,0x3593d125a4f7849a1b059e64f4517a86dd60c95d
FXS,0x3432b6a60d23ca0dfca7761b7ab56459d9c964d0
1INCH,0x111111111117dc0aa78b770fa6a738034120c302
WOZX,0x34950ff2b487d9e5282c5ab342d08a2f712eb79f
FOX,0xc770eefad204b5180df6a14ee197d99d808ee52d
WISE,0x66a0f676479cee1d7373f3dc2e2952778bff5bd6
COMBO,0xffffffff2ba8f66d4e51811c5190992176930278
FET,0xaea46a60368a7bd060eec7df8cba43b7ef41ad85
PHA,0x6c5ba91642f10282b576d91922ae6448c9d52f4e
FRAX,0x853d955acef822db058eb8505911ed77f175b99e
INJ,0xe28b3b32b6c345a34ff64674606124dd5aceca30
CFi,0x63b4f3e3fa4e438698ce330e365e831f7ccd1ef4
RGT,0xd291e7a03283640fdc51b121ac401383a46cc623
NFTX,0x87d73e916d7057945c9bcd8cdd94e42a6f47f776
SDT,0x73968b9a57c6e53d41345fd57a6e6ae27d6cdb2f
ANKR,0x8290333cef9e6d528dd5618fb97a76f268f3edd4
DIP_Insurance,0xc719d010b63e5bbf2c0551872cd5316ed26acd83
RUNE,0x3155ba85d5f96b2d030a4966af206230e46849cb
BAO,0x374cb8c27130e2c9e04f44303f3c8351b9de61c1
REEF,0xfe3e6a25e6b192a42a44ecddcd13796471735acf
TRU,0x4c19596f5aaff459fa38b0f7ed92f11ae6543784
MARK,0x67c597624b17b16fb77959217360b7cd18284253
ZERO,0xf0939011a9bb95c3b791f0cb546377ed2693a574
ORAI,0x4c11249814f11b9346808179cf06e71ac328c1b5
SPC,0x86ed939b500e121c0c5f493f399084db596dad20
RAMP,0x33d0568941c0c64ff7e0fb4fba0b11bd37deed9f
INFI,0x159751323a9e0415dd3d6d42a1212fe9f4a0848c
CRO,0xa0b73e1ff0b80914ab6fe0444e65848c4c34450b
LYXe,0xa8b919680258d369114910511cc87595aec0be6d
TVK,0xd084b83c305dafd76ae3e1b4e1f1fe2ecccb3988
DIGG,0x798d1be841a82a273720ce31c822c61a67a601c3
ALPHA,0xa1faa113cbe53436df28ff0aee54275c13b40975
CUDOS,0x817bbdbc3e8a1204f3691d14bb44992841e3db35
DEXE,0xde4ee8057785a7e8e800db58f9784845a5c2cbd6
SAND,0x3845badade8e6dff049820680d1f14bd3903a5d0
FRM,0xe5caef4af8780e59df925470b050fb23c43ca68c
PBR,0x298d492e8c1d909d3f63bc4a36c66c64acb3d695
SNOW,0xfe9a29ab92522d14fc65880d817214261d8479ae
ARMOR,0x1337def16f9b486faed0293eb623dc8395dfe46a
OPIUM,0x888888888889c00c67689029d7856aac1065ec11
DYP,0x961c8c0b1aad0c0b10a51fef6a867e3091bcef17
ANKRETH,0xe95a203b1a91a908f9b9ce46459d101078c2c3cb
FTM,0x4e15361fd6b4bb609fa63c81a2be19d873717870
PROS,0x8642a849d0dcb7a15a974794668adcfbe4794b56
UST,0xa47c8bf37f92abed4a126bda807a7b7498661acd
MIR,0x09a3ecafa817268f77be1283176b946c4ff2e608
BMI,0x725c263e32c72ddc3a19bea12c5a0479a81ee688
LON,0x0000000000095413afc295d19edeb1ad7b71c952
LTX,0xa393473d64d2f9f026b60b6df7859a689715d092
ONX,0xe0ad1806fd3e7edf6ff52fdb822432e847411033
FIS,0xef3a930e1ffffacd2fc13434ac81bd278b0ecc8d
LINA,0x3e9bc21c9b189c09df3ef1b824798658d5011937
GNYerc20,0xb1f871ae9462f1b2c6826e88a7827e76f86751d4
OIN,0x9aeb50f542050172359a0e1a25a9933bc8c01259
SHIB,0x95ad61b0a150d79219dcf64e1e6cc01f0b64c4ce
MUSE,0xb6ca7399b4f9ca56fc27cbff44f4d2e4eef1fc81
GUM,0x4f5fa8f2d12e5eb780f6082dd656c565c48e0f24
RAZOR,0x50de6856358cc35f3a9a57eaaa34bd4cb707d2cd
HGET,0x7968bc6a03017ea2de509aaa816f163db0f35148
UNISTAKE,0x9ed8e7c9604790f7ec589f99b94361d8aab64e5e
DEXTF,0x5f64ab1544d28732f0a24f4713c2c8ec0da089f0
SYNC,0xb6ff96b8a8d214544ca0dbc9b33f7ad6503efd32
DUCK,0xc0ba369c8db6eb3924965e5c4fd0b4c1b91e305f
ID,0xebd9d99a3982d547c5bb4db7e3b1f9f14b67eb83
SKL,0x00c83aecc790e8a4453e5dd3b0b4b3680501a7a7
DAO,0x0f51bb10119727a7e5ea3538074fb341f56b09ad
UMB,0x6fc13eace26590b80cccab1ba5d51890577d83b2
USDP_2,0x1456688345527be1f37e9e627da0837d6f08c925
SOCKS,0x23b608675a2b2fb1890d3abbd85c5775c51691d5
NUX,0x89bd2e7e388fab44ae88bef4e1ad12b4f1e0911c
DEPAY,0xa0bed124a09ac2bd941b10349d8d224fe3c955eb
ZCN,0xb9ef770b6a5e12e45983c5d80545258aa38f3b78
UNCX,0xadb2437e6f65682b85f814fbc12fec0508a7b1d0
SRK,0x0488401c3f535193fa8df029d9ffe615a06e74e6
GLCH,0x038a68ff68c393373ec894015816e33ad41bd564
WHITE,0x5f0e628b693018f639d10e4a4f59bd4d8b2b6b44
DENT,0x3597bfd533a99c9aa083587b074434e61eb0a258
VSP,0x1b40183efb4dd766f11bda7a7c3ad8982e998421
SHROOM,0xed0439eacf4c4965ae4613d77a5c2efe10e5f183
GSWAP,0xaac41ec512808d64625576eddd580e7ea40ef8b2
RAI,0x03ab458634910aad20ef5f1c8ee96f1d6ac54919
ESS,0xfc05987bd2be489accf0f509e44b0145d68240f7
ALPA,0x7ca4408137eb639570f8e647d9bd7b7e8717514a
UTU,0xa58a4f5c4bb043d2cc1e170613b74e767c94189b
PREMIA,0x6399c842dd2be3de30bf99bc7d1bbf6fa3650e70
POOL,0x0cec1a9154ff802e7934fc916ed7ca50bde6844e
SMARTCREDIT,0x72e9d9038ce484ee986fea183f8d8df93f9ada13
REVV,0x557b933a7c2c45672b610f8954a3deb39a51a8ca
KIT,0x7866e48c74cbfb8183cd1a929cd9b95a7a5cb4f4
WOO,0x4691937a7508860f876c9c0a2a617e7d9e945d4b
RLY,0xf1f955016ecbcd7321c7266bccfb96c68ea5e49b
KEX,0x16980b3b4a3f9d89e33311b5aa8f80303e5ca4f8
UOS,0xd13c7342e1ef687c5ad21b27c2b65d772cab5c8c
GEO,0x147faf8de9d8d8daae129b187f0d02d819126750
GET,0x8a854288a5976036a725879164ca3e91d30c6a1b
DDX,0x3a880652f47bfaa771908c07dd8673a787daed3a
RFOX,0xa1d6df714f91debf4e0802a542e13067f31b8262
MONA,0x275f5ad03be0fa221b4c6649b8aee09a42d9412a
SUPER,0xe53ec727dbdeb9e2d5456c3be40cff031ab40a55
LPOOL,0x6149c26cd2f7b5ccdb32029af817123f6e37df5b
MASK,0x69af81e73a73b40adf4f3d4223cd9b1ece623074
HOPR,0xf5581dfefd8fb0e4aec526be659cfab1f8c781da
RNDR,0x6de037ef9ad2725eb40118bb1702ebb27e4aeb24
OVR,0x21bfbda47a0b4b5b1248c767ee49f7caa9b23697
MTLX,0x2e1e15c44ffe4df6a0cb7371cd00d5028e571d14
POLK,0xd478161c952357f05f0292b56012cd8457f1cfbf
NORD,0x6e9730ecffbed43fd876a264c982e254ef05a0de
MINT,0x0cdf9acd87e940837ff21bb40c9fd55f68bba059
BFC,0x0c7d5ae016f806603cb1782bea29ac69471cab9c
MOON,0x68a3637ba6e75c0f66b61a42639c4e9fcd3d4824
JUP,0x4b1e80cac91e2216eeb63e29b957eb91ae9c2be8
RAD,0x31c8eacbffdd875c74b94b077895bd78cf1e64a3
ALCX,0xdbdb4d16eda451d0503b854cf79d55697f90c8df
BANK_1,0x24a6a37576377f63f194caa5f518a60f45b42921
MATTER,0x9b99cca871be05119b2012fd4474731dd653febe
FCL,0xf4d861575ecc9493420a3f5a14f85b13f0b50eb3
VRA,0xf411903cbc70a74d22900a5de66a2dda66507255
BDP,0xf3dcbc6d72a4e1892f7917b7c43b74131df8480e
ERN,0xbbc2ae13b23d715c30720f079fcd9b4a74093505
xFUND,0x892a6f9df0147e5f079b0993f486f9aca3c87881
bALPHA,0x7a5ce6abd131ea6b148a022cb76fc180ae3315a6
CHZ,0x3506424f91fd33084466f402d5d97f05f8e3b4af
INV,0x41d5d79431a913c4ae7d69a668ecdfe5ff9dfb68
GOVI,0xeeaa40b28a2d1b0b08f6f97bb1dd4b75316c6107
BEPRO,0xcf3c8be2e2c42331da80ef210e9b1b307c03d36a
NFY,0x1cbb83ebcd552d5ebf8131ef8c9cd9d9bab342bc
DFX,0x888888435fde8e7d4c54cab67f206e4199454c60
DUSK,0x940a2db1b7008b6c776d4faaca729d6d4a4aa551
FTX Token,0x50d1c9771902476076ecfc8b2a83ad6b9355a4c9
LCX,0x037a54aab062628c9bbae1fdb1583c195585fe41
CRU,0x32a7c02e79c4ea1008dd6564b35f131428673c41
ALICE,0xac51066d7bec65dc4589368da368b212745d63e8
TOWER,0x1c9922314ed1415c95b9fd453c3818fd41867d0b
YIELD,0xa8b61cff52564758a204f841e636265bebc8db9b
KONO,0x850aab69f0e0171a9a49db8be3e71351c8247df4
JGN,0x73374ea518de7addd4c2b624c0e8b113955ee041
HOGE,0xfad45e47083e4607302aa43c65fb3106f1cd7607
NOW,0xe9a95d175a5f4c9369f3b74222402eb1b837693b
PKF,0x8b39b70e39aa811b69365398e0aace9bee238aeb
BCUG,0x14da7b27b2e0fedefe0a664118b0c9bc68e2e9af
LABS,0x8b0e42f366ba502d787bb134478adfae966c8798
KINE,0xcbfef8fdd706cde6f208460f2bf39aa9c785f05d
HAPI,0xd9c2d319cd7e6177336b0a9c93c21cb48d84fb54
yveCRV-DAO,0xc5bddf9843308380375a611c18b50fb9341f502a
K21,0xb9d99c33ea2d86ec5ec6b8a4dd816ebba64404af
UNN,0x226f7b842e0f0120b7e194d05432b3fd14773a9d
CHAIN,0xc4c2614e694cf534d407ee49f8e44d125e4681c4
GLQ,0x9f9c8ec3534c3ce16f928381372bfbfbfb9f4d24
LYM,0xc690f7c7fcffa6a82b79fab7508c466fefdfc8c5
VIDYA,0x3d3d35bb9bec23b06ca00fe472b50e7a4c692c30
DAFI,0xfc979087305a826c2b2a0056cfaba50aad3e6439
ARA,0xa92e7c82b11d10716ab534051b271d2f6aef7df5
TRIBE,0xc7283b66eb1eb5fb86327f08e1b5816b0720212b
FEI,0x956f47f50a910163d8bf957cf5846d573e7f87ca
XSGD,0x70e8de73ce538da2beed35d14187f6959a8eca96
AIOZ,0x626e8036deb333b408be468f951bdb42433cbf18
PMON,0x1796ae0b0fa4862485106a0de9b654efe301d0b2
SYLO,0xf293d23bf2cdc05411ca0eddd588eb1977e8dcd4
URQA,0x1735db6ab5baa19ea55d0adceed7bcdc008b3136
COOK,0xff75ced57419bcaebe5f05254983b013b0646ef5
CELL,0x26c8afbbfe1ebaca03c2bb082e69d0476bffe099
CONV,0xc834fa996fa3bec7aad3693af486ae53d8aa8b50
SWM,0x3505f494c3f0fed0b594e01fa41dd3967645ca39
TIDAL,0x29cbd0510eec0327992cd6006e63f9fa8e7f33b7
XYO,0x55296f69f40ea6d20e478533c15a6b08b654e758
ARCONA,0x0f71b8de197a1c84d31de0f1fa7926c365f052b3
DPR,0xf3ae5d769e153ef72b4e3591ac004e89f48107a1
LUSD,0x5f98805a4e8be255a32880fdec7f6728c6568ba0
PRE,0xec213f83defb583af3a000b1c0ada660b1902a0f
PUSH,0xf418588522d5dd018b425e472991e52ebbeeeeee
BOSON,0xc477d038d5420c6a9e0b031712f61c5120090de9
UBI,0xdd1ad9a21ce722c151a836373babe42c868ce9a4
DG,0x53c8395465a84955c95159814461466053dedede
NKN,0x5cf04716ba20127f1e2297addcf4b5035000c9eb
FOUR,0x4730fb1463a6f1f44aeb45f6c5c422427f37f4d0
FORTH,0x77fba179c79de5b7653f68b5039af940ada60ce0
BLES,0xe796d6ca1ceb1b022ece5296226bf784110031cd
SWISE,0x48c3399719b582dd63eb5aadf12a40b4c3f52fa2
KNC,0xdefa4e8a7bcba345f687a2f1456f5edd9ce97202
ORBS,0xff56cc6b1e6ded347aa0b7676c85ab0b3d08b0fa
WXT,0xa02120696c7b8fe16c09c749e4598819b2b0e915
OCC,0x2f109021afe75b949429fe30523ee7c0d5b27207
ILV,0x767fe9edc9e0df98e07454847909b5e959d7ca0e
ICE,0xf16e81dce15b08f326220742020379b855b87df9
MARSH,0x5a666c7d92e5fa7edcb6390e4efd6d0cdd69cf37
Coval,0x3d658390460295fb963f54dc0899cfb1c30776df
GLM,0x7dd9c5cba05e151c895fde1cf355c9a1d5da6429
TEL,0x467bccd9d29f223bce8043b84e8c8b282827790f
PENDLE,0x808507121b80c02388fad14726482e061b8da827
WAXE,0x7a2bc711e19ba6aff6ce8246c546e8c4b4944dfd
ROUTE,0x16eccfdbb4ee1a85a33f3a9b21175cd7ae753db4
TANGO,0x182f4c4c97cd1c24e1df8fc4c053e5c47bf53bef
CTX,0x321c2fe4446c7c963dc41dd58879af648838f98d
BANK,0x2d94aa3e47d9d5024503ca8491fce9a2fb4da198
SHIH,0x841fb148863454a3b3570f515414759be9091465
KISHU,0xa2b4c0af19cc16a6cfacce81f192b024d625817d
KIRO,0xb1191f691a355b43542bea9b8847bc73e7abb137
CVX,0x4e3fbd56cd56c3e72c1403e103b45db9da5b9d2b
GTC,0xde30da39c46104798bb5aa3fe8b9e0e1f348163f
alUSD,0xbc6da0fe9ad5f3b0d58160288917aa56653660e9
SARCO,0x7697b462a7c4ff5f8b55bdbc2f4076c2af9cf51a
VUSD,0x677ddbd918637e5f2c79e164d402454de7da8619
ELON,0x761d38e5ddf6ccf6cf7c55759d5210750b5d60f3
Skey,0x06a01a4d579479dd5d884ebf61a31727a3d8d442
LEASH,0x27c70cd1946795b66be9d954418546998b546634
DFYN,0x9695e0114e12c0d3a3636fab5a18e6b737529023
MVI,0x72e364f2abdc788b7e918bc238b21f109cd634d7
AKITA,0x3301ee63fb29f863f2333bd4466acb46cd8323e6
LQTY,0x6dea81c8171d0ba574754ef6f8b412f2ed88c54d
TRU_Truebit,0xf65b5c5104c4fafd4b709d9d60a185eae063276c
BBTC,0x9be89d2a4cd102d8fecc6bf9da793be995c22541
BEZOGE,0xdc349913d53b446485e98b76800b6254f43df695
eMax,0x15874d65e649880c2614e7a480cb7c9a55787ff6
FLUID,0x6f40d4a6237c257fff2db00fa0510deeecd303eb
SWAPP,0x8cb924583681cbfe487a62140a994a49f833c244
DVI,0x10633216e7e8281e33c86f02bf8e565a635d9770
xSUSHI,0x8798249c2e607446efb7ad49ec89dd1865ff4272
AGIX,0x5b7533812759b45c2b44c19e320ba2cd2681b542
OLY,0x6595b8fd9c920c81500dca94e53cdc712513fb1f
UNO,0x474021845c4643113458ea4414bdb7fb74a01a77
MPL,0x33349b282065b0284d756f0577fb39c158f935e6
FLX_1,0x6243d8cea23066d098a15582d81a598b4e8391f4
DEXT,0xfb7b4564402e5500db5bb6d63ae671302777c75a
MM_2,0x6b4c7a5e3f0b99fcd83e9c089bddd6c7fce5c611
EURT,0xc581b735a1688071a1746c968e0798d642ede491
HANU,0x72e5390edb7727e3d4e3436451dadaff675dbcc0
STARL,0x8e6cd950ad6ba651f6dd608dc70e5886b1aa6b24
EDEN,0x1559fa1b8f28238fd5d76d9f434ad86fd20d1559
MINDS,0xb26631c6dda06ad89b93c71400d25692de89c068
KEANU,0x106552c11272420aad5d7e94f8acab9095a6c952
COTI,0xddb3422497e61e13543bea06989c0789117555c5
DYDX,0x92d6c1e31e14520e676a687f0a93788b716beff5
BID,0x25e1474170c4c0aa64fa98123bdc8db49d7802fa
AGRS,0x738865301a9b7dd80dc3666dd48cf034ec42bdda
DHV,0x62dc4817588d53a056cbbd18231d91ffccd34b2a
GEL,0x15b7c0c907e4c6b9adaaaabc300c08991d6cea05
MIM,0x99d8a9c45b2eca8864373a26d1459e3dff1e17f3
SPELL,0x090185f2135308bad17527004364ebcc2d37e5f6
DEUS,0xde5ed76e7c05ec5e4572cfc88d1acea165109e44
wCFG,0xc221b7e65ffc80de234bbb6667abdd46593d34f0
WstETH,0x7f39c581f595b53c5cb19bd0b3f8da6c935e2ca0
MC,0x949d48eca67b17269629c7194f4b727d4ef9e5d6
ZINU,0xc50ef449171a51fbeafd7c562b064b6471c36caa
TKING,0x24e89bdf2f65326b94e36978a7edeac63623dafa
AURORA,0xaaaaaa20d9e0e2461697782ef11675f668207961
ENS,0xc18360217d8f7ab5e7c516566761ea12ce7f9d72
CIV,0x37fe0f067fa808ffbdd12891c0858532cfe7361d
GYEN,0xc08512927d12348f6620a698105e1baac6ecd911
PSP,0xcafe001067cdef266afb7eb5a286dcfd277f3de5
DINU,0xbb1ee07d6c7baeb702949904080eb61f5d5e7732
TONCOIN,0x582d872a1b094fc48f5de31d3b73f2d9be47def1
APW,0x4104b135dbc9609fc1a9490e61369036497660c8
rETH,0xae78736cd615f374d3085123a210448e74fc6393
BLANK,0x41a3dba3d677e573636ba691a70ff2d606c29666
SOS,0x3b484b82567a09e2588a13d54d032153f0c0aee0
VXL,0x16cc8367055ae7e9157dbcb9d86fd6ce82522b31
RADAR,0x44709a920fccf795fbc57baa433cc3dd53c44dbe
0xBTC,0xb6ed7644c69416d67b522e20bc294a9a9b405b31
BORING,0xbc19712feb3a26080ebf6f2f7849b417fdd792ca
WXRP,0x39fbbabf11738317a448031930706cd3e612e1b9
T,0xcdf7028ceab81fa0c6971208e83fa7872994bee5
FLOKI,0xcf0c122c6b73ff809c693db761e7baebe62b6a2e
IXS,0x73d7c860998ca3c01ce8c808f5577d94d545d1b4
EURA,0x1a7e4e63778b4f12a199c062f3efdd288afcbce8
LOOKS,0xf4d2888d29d722226fafa5d9b24f9164c092421e
ANGLE,0x31429d1856ad1377a8a0079410b297e1a9e214c2
Metis,0x9e32b13ce7f2e80a01932b42553652e053d6ed8e
SIS,0xd38bb40815d2b0c2d2c866e0c72c5728ffc76dd9
X2Y2,0x1e4ede388cbc9f4b5c79681b7f94d36a11abebc9
UFO,0x249e38ea4102d0cf8264d3701f1a0e39c4f2dc3b
IMX,0xf57e7e7c23978c3caec3c3548e3d615c346e79ff
TOKE,0x2e9d63788249371f1dfc918a52f8d799f4a38c94
NCR,0xdb5c3c46e28b53a39c255aa39a411dd64e5fed9c
SYN,0x0f2d719407fdbeff09d87557abb7232601fd9f29
WFLOW,0x5c147e74d63b1d31aa3fd78eb229b65161983b2b
BST,0x509a38b7a1cc0dcd83aa9d06214663d9ec7c7f4a
THOR,0xa5f2211b9b8170f694421f2046281775e8468044
FODL,0x4c2e59d098df7b6cbae0848d66de2f8a4889b9c3
APE,0x4d224452801aced8b2f0aebe155379bb5d594381
STG,0xaf5191b0de278c7286d6c7cc6ab6bb8a73ba2cd6
OHM,0x64aa3364f17a4d01c6f1751fd97c2bd3d7e7f1d5
COW,0xdef1ca1fb7fbcdc777520aa7f396b4e015f497ab
CULT_2,0xf0f9d895aca5c8678f706fb8216fa22957685a13
MLT,0x9506d37f70eb4c3d79c398d326c871abbf10521d
ORE,0x4f640f2529ee0cf119a2881485845fa8e61a782a
QUAD,0xab2a7b5876d707e0126b3a75ef7781c77c8877ee
DERC,0x9fa69536d1cda4a04cfb50688294de75b505a9ae
gOHM,0x0ab87046fbb341d058f17cbc4c1133f25a20a52f
LSS,0x3b9be07d622accaed78f479bc0edabfd6397e320
KLEE,0xa67e9f021b9d208f7e3365b2a155e3c55b27de71
VLX,0x8c543aed163909142695f2d2acd0d55791a9edb9
DATA_1,0x8f693ca8d21b157107184d29d398a8d082b38b76
BCMC,0x2ba8349123de45e931a8c8264c332e6e9cf593f9
GMEE,0xd9016a907dc0ecfa3ca425ab20b6b785b42f2373
DWEB,0xe7f58a92476056627f9fdb92286778abd83b285f
MYST,0x4cf89ca06ad997bc732dc876ed2a7f26a9e7f361
PAR,0x68037790a0229e9ce6eaa8a99ea92964106c4703
SHEESHA,0x232fb065d9d24c34708eedbf03724f2e95abe768
USDD,0x0c10bf8fcb7bf5412187a595ab97a3609160b5c6
3Crv,0x6c3f90f043a72fa612cbac8115ee7e52bde6e490
XCAD,0x7659ce147d0e714454073a5dd7003544234b6aa0
UNIX,0xddd6a0ecc3c6f6c102e5ea3d8af7b801d1a77ac8
IQ,0x579cea1889991f68acc35ff5c3dd0621ff29b0c9
EURC,0x1abaea1f7c830bd89acc67ec4af516284b1bc33c
ADS,0xcfcecfe2bd2fed07a9145222e8a7ad9cf1ccd22a
IOTX,0x6fb3e0a217407efff7ca062d46c26e5d60a14d69
BED,0x2af1df3ab0ab157e1e2ad8f88a7d04fbea0c7dc6
RPL,0xd33526068d116ce69f19a9ee46f0bd304f21a51f
GAMMA,0x6bea7cfef803d1e3d5f7c0103f7ded065644e197
ICHI,0x111111517e4929d3dcbdfa7cce55d30d4b6bc4d6
XMON,0x3aada3e213abf8529606924d8d1c55cbdc70bf74
SWEAT,0xb4b9dc1c77bdbb135ea907fd5a08094d98883a35
FOLD,0xd084944d3c05cd115c09d072b9f44ba3e0e45921
BOB,0xb0b195aefa3650a6908f15cdac7d92f8a5791b0b
DOLA,0x865377367054516e17014ccded1e7d814edc9ce4
KROM,0x3af33bef05c2dcb3c7288b77fe1c8d2aeba4d789
SAFE,0x5afe3855358e112b5647b952709e6165e1c1eeee
JASMY,0x7420b4b9a0110cdc71fb720908340c03f9bc03ec
USHI,0x6dca182ac5e3f99985bc4ee0f726d6472ab1ec55
TENSHI,0x52662717e448be36cb54588499d5a8328bd95292
HFT,0xb3999f658c0391d94a37f7ff328f3fec942bcadc
CAPS,0x03be5c903c727ee2c8c4e9bc0acc860cca4715e2
sETH2,0xfe2e637202056d30016725477c5da089ab0a043a
ETHIX,0xfd09911130e6930bf87f2b0554c44f400bd80d3e
XDEFI,0x72b886d09c117654ab7da13a14d603001de0b777
DIVER,0xfb782396c9b20e564a64896181c7ac8d8979d5f4
CAW,0xf3b9569f82b18aef890de263b84189bd33ebe452
WNCG,0xf203ca1769ca8e9e8fe1da9d147db68b6c919817
ARIA20,0xedf6568618a00c6f0908bf7758a16f76b6e04af9
RAINI,0xeb953eda0dc65e3246f43dc8fa13f35623bdd5ed
DEC,0x9393fdc77090f31c7db989390d43f454b1a6e7f3
RAIL,0xe76c6c83af64e4c60245d8c7de953df673a7a33d
RDT,0x4740735aa98dc8aa232bd049f8f0210458e7fca3
SOL,0xd31a59c85ae9d8edefec411d448f90841571b89c
CUBE,0xdf801468a808a32656d2ed2d2d80b72a129739f4
URUS,0xc6dddb5bc6e61e0841c54f3e723ae1f3a807260b
cbETH,0xbe9895146f7af43049ca1c1ae358b0541ea49704
MNW,0xd3e4ba569045546d09cf021ecc5dfe42b1d7f6e4
RSS3,0xc98d64da73a6616c42117b582e832812e7b8d57f
ARC,0xc82e3db60a52cf7529253b4ec688f631aad9e7c2
Baby Doge,0xac57de9c1a09fec648e93eb98875b212db0d460b
BTT,0xc669928185dbce49d2230cc9b0979be6dc797957
ZCX,0xc52c326331e9ce41f04484d3b5e5648158028804
HI,0xc4f6e93aeddc11dc22268488465babcaf09399ac
AURA,0xc0c293ce456ff0ed870add98a0828dd4d2903dbf
RARE,0xba5bde662c17e2adff1075610382b9b691296350
ALD,0xb26c4b3ca601136daf98593feaeff9e0ca702a8d
POLC,0xaa8330fb2b4d5d07abfe7a72262752a8505c6b37
GEAR,0xba3335588d9403515223f109edc4eb7269a9ab5d
alETH,0x0100546f2cd4c9d97f798ffc9755e47865ff7ee6
tBTC,0x18084fba666a33d37592fa2633fd49a74dd93a88
ORC,0x662b67d00a13faf93254714dd601f5ed49ef2f51
BONE,0x9813037ee2218799597d83d4a5b6f3b6778218d9
KAP,0x9625ce7753ace1fa1865a47aae2c5c2ce4418569
GOG,0x9ab7bb7fdc60f4357ecfef43986818a2a3569c62
SDAO,0x993864e43caa7f7f12953ad6feb1d1ca635b875f
CARD,0x954b890704693af242613edef1b603825afcd708
BIT,0x1a4b46696b2bb4794eb3d4c26f1c55f9170fa4c5
ASTO,0x823556202e86763853b40e9cde725f412e294689
VXV,0x7d29a64504629172a429e64183d6673b9dacbfce
FRXETH,0x5e8422345238f34275888049021821e8e08caa1f
RYOSHI,0x777e2ae845272a2f540ebf6a3d03734a5a8f618e
MULTI,0x65ef703f5594d2573eb71aaf55bc0cb548492df4
cvxCRV,0x62b9c7356a2dc64a1969e19c23e4f579f9810aa7
RBN,0x6123b0049f904d730db3c36a31167d9d4121fa6b
MIX,0x5d285f735998f36631f678ff41fb56a10a4d0429
BLUR,0x5283d291dbcf85356a21ba090e6db59121208b44
SDEX,0x5de8ab7e27f6e7a1fff3e5b337584aa43961beef
ARB,0xb50721bcf8d664c30412cfbc6cf7a15145234ad1
CAKE,0x152649ea73beab28c5b49b26eb48f7ead6d4c898
sDAI,0x83f20f44975d03b1b09e64809b757c47f942beea
ZARP,0xb755506531786c8ac63b756bab1ac387bacb0c04
SWETH,0xf951e335afb289353dc249e82926178eac7ded78
PEPE,0x6982508145454ce325ddbe47a25d4ec3d2311933
WOJAK,0x5026f006b85729a8b14553fae6af249ad16c9aab
OETH,0x856c4efb76c1d1ae02e20ceb03a2a6a08b0b8dc3
ETH+,0xe72b141df173b999ae7c1adcbf60cc9833ce56a8
wBETH,0xa2e3356610840701bdf5611a53974510ae27e2e1
JESUS,0xba386a4ca26b85fd057ab1ef86e3dc7bdeb5ce70
GALA,0xd1d2eb1b1e90b638588728b4130137d262c87cae
BAD,0x32b86b99441480a7e5bd3a26c124ec2373e3f015
crvUSD,0xf939e0a03fb07f59a73314e73794be0e57ac1b4e
FDUSD,0xc5f0f7b66764f6ec8c8dff7ba683102295e16409
wZNN,0xb2e96a63479c2edd2fd62b382c89d5ca79f572d3
ETHX,0xa35b1b31ce002fbf2058d22f30f95d405200a15b
MNT,0x3c3a81e81dc49a522a592e7622a7e711c06bf354
ARKM,0x6e2a43be0b1d33b726f0ca3b8de60b3482b8b050
GHO,0x40d16fc0246ad3160ccc09b8d0d3a2cd28ae6c2f
MOG,0xaaee1a9723aadb7afa2810263653a34ba2c21c7a
WLD,0x163f8c2467924be0ae7b5347228cabf260318753
HEX,0x2b591e99afe9f32eaa6214f7b7629768c40eeb39
xETH,0xe063f04f280c60aeca68b38341c2eecbec703ae2
SPX,0xe0f63a424a4439cbe457d80e4f4b51ad25b2c56c
BIFI,0xb1f1ee126e9c96231cc3d3fad7c08b4cf873b1f1
LBR,0xed1167b6dc64e8a366db86f2e952a482d0981ebd
USDM,0x59d9356e565ab3a36dd77763fc0d87feaf85508c
PRISMA,0xda47862a83dac0c112ba89c6abc2159b95afd71c
GAINS,0x056c1d42fb1326f57da7f19ebb7dda4673f1ff55
BANANA,0x38e68a37e401f7271568cecaac63c6b1e19130b4
FXN,0x365accfca291e7d3914637abf1f7635db165bb09
METH,0xd5f7838f5c461feff7fe49ea5ebaf7728bb0adfa
EIGEN,0xec53bf9167f50cdeb3ae105f56099aaab9061f83
BEAM,0x62d0a8458ed7719fdaf978fe5929c6d342b0bfce
POL,0x455e53cbb86018ac2b8092fdcd39d8444affc3f6
MEME,0xb131f4a55907b10d1f0a50d8ab8fa09ec342cd74
TOKEN,0x4507cef57c46789ef8d1a19ea45f4216bae2b528
GROK,0x8390a1da07e376ef7add4be859ba74fb83aa02d5
weETH,0xcd5fe23c85820f7b72d0926fc9b05b43e359b7ee
EETH,0x35fa164735182de50811e8e2e824cfb9b6118ac2
osETH,0xf1c9acdc66974dfb6decb12aa385b9cd01190e38
GYD,0xe07f9d810a48ab5c3c914ba3ca53af14e4491e8a
USDe,0x4c9edd5852cd905f086c759e8383e09bff1e68b3
sUSDe,0x9d39a5de30e57443bff2a8307a4256c8797a3497
ezETH,0xbf5495efe5db9ce00f80364c8b423567e58d2110
BYTE,0xde342a3e269056fc3305f9e315f4c40d917ba521
RSETH,0xa1290d69c65a6fe4df752f95823fae25cb99e5a7
pxETH,0x04c154b66cb340f3ae24111cc767e0184ed00cc6
MAVIA,0x24fcfc492c1393274b6bcd568ac9e225bec93584
VIRTUAL,0x44ff8620b8ca30902395a7bd3f2407e1a091bf73
ALT,0x8457ca5040ad67fdebbcc8edce889a335bc0fbfb
SAVM,0x15e6e0d4ebeac120f9a97e71faa6a0235b85ed12
CDCETH,0xfe18ae03741a5b84e39c295ac9c856ed7991c38e
rswETH,0xfae103dc9cf190ed75350761e95403b7b8afa6c0
PUFETH,0xd9a442856c234a39a81a089c06451ebaa4306a72
LOCK,0x922d8563631b03c2c4cf817f4d18f6883aba0109
AEVO,0xb528edbef013aff855ac3c50b381f253af13b997
DOGWIFHAT,0x8aec4bbdcfb451aa289bfbd3c2f4e34a44ada1be
PIXEL,0x3429d03c6f7521aec737a0bbf2e5ddcef2c3ae31
OX,0xba0dda8762c24da9487f5fa026a9b64b695a07ea
MAZZE,0x4a029f7bcf33acb03547d8fa7be840347973e24e
CSWAP,0xae41b275aaaf484b541a5881a2dded9515184cca
DSync,0xf94e7d0710709388bce3161c32b4eea56d3f91cc
APU,0x594daad7d77592a2b97b725a7ad59d7e188b5bfa
ETHFI,0xfe0c30065b384f05761f15d0cc899d4f9f9cc0eb
NEURA,0x3d1c949a761c11e4cc50c3ae6bdb0f24fd7a39da
ZENT,0xdbb7a34bf10169d6d2d0d02a6cbb436cf4381bfa
ENA,0x57e114b691db790c35207b2e685d4a43181e6061
OMNI,0x36e66fbbce51e4cd5bd3c62b637eb411b18949d4
W,0xb0ffa8000886e57f86dd5264b9582b2ad87b2b91
USDL,0xbdc7c08592ee4aa51d06c27ee23d5087d65adbcd
REZ,0x3b50805453023a91a8bf641e279401a0b23fa6f9
ZRO,0x6985884c4392d348587b19cb9eaaf157f13271cd
THREE,0xa059b81568fee88791de88232e838465826cf419
LSK,0x6033f7f88332b8db6ad452b7c6d5bb643990ae3f
USD0,0x73a15fed60bf67631dc6cd7bc5b6e8da8190acf5
GURU,0x525574c899a7c877a11865339e57376092168258
LBTC,0x8236a87084f8b84306f72007f36f2618a5634494
PEIPEI,0x3ffeea07a27fab7ad1df5297fa75e77a43cb5790
MOCA,0xf944e35f95e819e752f3ccb5faf40957d311e8c5
ATH,0xbe0ed4138121ecfc5c0e56b40517da27e6c5226b
AZUR,0x9e6be44cc1236eef7e1f197418592d363bedcd5a
USD0++,0x35d8949372d46b7a3d5a56006ae77b215fc69bc0
deUSD,0x15700b564ca08d9439c58ca5053166e8317aa138
DINERO,0x6df0e641fc9847c0c6fde39be6253045440c14d3
Neiro,0x812ba41e071c7b7fa4ebcfb62df5f45f6fa853ee
NEIRO,0xee2a03aa6dacf51c18679c516ad5283d8e7c2637
ZRC,0xfd418e42783382e86ae91e445406600ba144d162
P,0x4c1746a800d224393fe2470c70a35717ed4ea5f1
DOGE,0x1121acc14c63f3c872bfca497d10926a6098aac5
cbBTC,0xcbb7c0000ab88b473b1f5afd9ef808440eed33bf
sENA,0x8be3460a480c80728a8c4d7a5d5303c85ba7b3b9
BTRST,0x799ebfabe77a6e34311eeee9825190b9ece32824
MOODENG,0x28561b8a2360f463011c16b6cc0b0cbef8dbbcad
SKY,0x56072c95faa701256059aa122697b133aded9279
USDS,0xdc035d45d973e3ec169d2276ddab16f1e407384f
sUSDS,0xa3931d71877c0e7a3148cb7eb4463524fec27fbd
scrvUSD,0x0655977feb2f289a4ab78af67bab0d17aab84367
MORPHO,0x58d97b57bb95320f9a05dc918aef65434969c2b2
SHIRO,0xb0ac2b5a73da0e67a8e5489ba922b3f8d582e058
CULT,0x0000000000c5dc95539589fbd24be07c6c14eca4
beraSTONE,0x97ad75064b20fb2b2447fed4fa953bf7f007a706
ANIME,0x4dc26fc5854e7648a064a4abd590bbe71724c277
